county,dateyear,totalpopulation,total_housing_units
Adams County,1985,268764,104376
Adams County,1986,268643,108677
Adams County,1987,269323,111852
Adams County,1988,269019,112933
Adams County,1989,266771,113086
Adams County,1990,265708,106947
Adams County,1991,273624,107282
Adams County,1992,281385,108074
Adams County,1993,290777,109367
Adams County,1994,300794,111800
Adams County,1995,312593,114742
Adams County,1996,323042,117691
Adams County,1997,332744,120682
Adams County,1998,344024,124925
Adams County,1999,355308,129403
Adams County,2000,351735,128717
Adams County,2001,359437,133917
Adams County,2002,371181,139734
Adams County,2003,377665,144635
Adams County,2004,385945,149648
Adams County,2005,395384,154113
Adams County,2006,407587,157948
Adams County,2007,415915,160651
Adams County,2008,425138,162115
Adams County,2009,436323,162794
Adams County,2010,443711,163259
Adams County,2011,451749,163875
Adams County,2012,460064,164378
Adams County,2013,469477,165984
Adams County,2014,479777,167154
Adams County,2015,489923,168657
Adams County,2016,497673,170132
Alamosa County,1985,13011,5113
Alamosa County,1986,13336,5117
Alamosa County,1987,13427,5126
Alamosa County,1988,13715,5147
Alamosa County,1989,13660,5293
Alamosa County,1990,13630,5254
Alamosa County,1991,13639,5283
Alamosa County,1992,13572,5303
Alamosa County,1993,13657,5357
Alamosa County,1994,13823,5430
Alamosa County,1995,14097,5475
Alamosa County,1996,14322,5651
Alamosa County,1997,14478,5719
Alamosa County,1998,14623,5808
Alamosa County,1999,14822,6019
Alamosa County,2000,15099,6146
Alamosa County,2001,15231,6200
Alamosa County,2002,15266,6246
Alamosa County,2003,15360,6299
Alamosa County,2004,15406,6350
Alamosa County,2005,15395,6392
Alamosa County,2006,15350,6417
Alamosa County,2007,15293,6462
Alamosa County,2008,15346,6510
Alamosa County,2009,15301,6536
Alamosa County,2010,15474,6561
Alamosa County,2011,15679,6600
Alamosa County,2012,15687,6619
Alamosa County,2013,15804,6694
Alamosa County,2014,15845,6727
Alamosa County,2015,15968,6781
Alamosa County,2016,16131,6853
Arapahoe County,1985,381244,153726
Arapahoe County,1986,387244,159313
Arapahoe County,1987,388687,163322
Arapahoe County,1988,386723,165411
Arapahoe County,1989,389502,166846
Arapahoe County,1990,393284,168665
Arapahoe County,1991,403202,169302
Arapahoe County,1992,417681,170329
Arapahoe County,1993,427470,172532
Arapahoe County,1994,436405,175437
Arapahoe County,1995,442539,179635
Arapahoe County,1996,451065,183260
Arapahoe County,1997,459058,186853
Arapahoe County,1998,472399,190785
Arapahoe County,1999,481306,195845
Arapahoe County,2000,490722,198605
Arapahoe County,2001,501671,202264
Arapahoe County,2002,510503,208601
Arapahoe County,2003,516354,213840
Arapahoe County,2004,523715,217147
Arapahoe County,2005,528214,221982
Arapahoe County,2006,536051,226156
Arapahoe County,2007,545882,230285
Arapahoe County,2008,556246,233100
Arapahoe County,2009,566480,236200
Arapahoe County,2010,574819,238566
Arapahoe County,2011,585507,239195
Arapahoe County,2012,595776,239524
Arapahoe County,2013,607145,241472
Arapahoe County,2014,617936,243577
Arapahoe County,2015,629066,245869
Arapahoe County,2016,637254,248692
Archuleta County,1985,5213,3379
Archuleta County,1986,5335,3635
Archuleta County,1987,5265,3869
Archuleta County,1988,5004,3979
Archuleta County,1989,5196,4082
Archuleta County,1990,5393,3951
Archuleta County,1991,5626,4023
Archuleta County,1992,5880,4086
Archuleta County,1993,6177,4193
Archuleta County,1994,6539,4294
Archuleta County,1995,7108,4483
Archuleta County,1996,7928,4731
Archuleta County,1997,8534,4980
Archuleta County,1998,9133,5223
Archuleta County,1999,9570,5536
Archuleta County,2000,10043,6302
Archuleta County,2001,10465,6667
Archuleta County,2002,10700,6967
Archuleta County,2003,10964,7350
Archuleta County,2004,11171,7582
Archuleta County,2005,11402,7836
Archuleta County,2006,11798,8104
Archuleta County,2007,12108,8428
Archuleta County,2008,12074,8652
Archuleta County,2009,11899,8714
Archuleta County,2010,12060,8772
Archuleta County,2011,12003,8818
Archuleta County,2012,12109,8870
Archuleta County,2013,12211,8930
Archuleta County,2014,12258,9011
Archuleta County,2015,12417,9090
Archuleta County,2016,12907,9199
Baca County,1985,4873,2581
Baca County,1986,4587,2603
Baca County,1987,4559,2625
Baca County,1988,4728,2630
Baca County,1989,4629,2587
Baca County,1990,4526,2434
Baca County,1991,4441,2435
Baca County,1992,4302,2438
Baca County,1993,4326,2442
Baca County,1994,4391,2445
Baca County,1995,4428,2452
Baca County,1996,4526,2456
Baca County,1997,4562,2461
Baca County,1998,4531,2471
Baca County,1999,4523,2489
Baca County,2000,4499,2360
Baca County,2001,4447,2352
Baca County,2002,4315,2342
Baca County,2003,4258,2333
Baca County,2004,4166,2327
Baca County,2005,4098,2317
Baca County,2006,4088,2301
Baca County,2007,3993,2287
Baca County,2008,3906,2273
Baca County,2009,3814,2257
Baca County,2010,3795,2248
Baca County,2011,3799,2250
Baca County,2012,3746,2252
Baca County,2013,3679,2252
Baca County,2014,3624,2252
Baca County,2015,3594,2252
Baca County,2016,3557,2252
Bent County,1985,5699,2532
Bent County,1986,5729,2548
Bent County,1987,5432,2561
Bent County,1988,5432,2571
Bent County,1989,5210,2574
Bent County,1990,5027,2332
Bent County,1991,4960,2334
Bent County,1992,5040,2335
Bent County,1993,5350,2337
Bent County,1994,5400,2342
Bent County,1995,5549,2354
Bent County,1996,5623,2373
Bent County,1997,5640,2425
Bent County,1998,5993,2440
Bent County,1999,5996,2463
Bent County,2000,5967,2365
Bent County,2001,5882,2362
Bent County,2002,6203,2353
Bent County,2003,6653,2343
Bent County,2004,6357,2323
Bent County,2005,6261,2312
Bent County,2006,6076,2300
Bent County,2007,5773,2285
Bent County,2008,6008,2271
Bent County,2009,6481,2255
Bent County,2010,6506,2243
Bent County,2011,6304,2243
Bent County,2012,5778,2245
Bent County,2013,5708,2249
Bent County,2014,5747,2249
Bent County,2015,5847,2249
Bent County,2016,5626,2251
Boulder County,1985,209444,88178
Boulder County,1986,211841,90087
Boulder County,1987,214222,92060
Boulder County,1988,218380,93728
Boulder County,1989,222354,94466
Boulder County,1990,226014,94621
Boulder County,1991,230977,96048
Boulder County,1992,238397,97631
Boulder County,1993,247275,100204
Boulder County,1994,252725,102888
Boulder County,1995,257500,105055
Boulder County,1996,261765,107800
Boulder County,1997,266063,110475
Boulder County,1998,274115,113224
Boulder County,1999,283924,117952
Boulder County,2000,276255,114121
Boulder County,2001,283510,116588
Boulder County,2002,284433,118445
Boulder County,2003,282763,120272
Boulder County,2004,283288,121715
Boulder County,2005,282910,123133
Boulder County,2006,286133,124311
Boulder County,2007,288757,125261
Boulder County,2008,291827,125999
Boulder County,2009,293641,126756
Boulder County,2010,295605,127183
Boulder County,2011,300171,127873
Boulder County,2012,305016,128436
Boulder County,2013,309971,129798
Boulder County,2014,313190,131196
Boulder County,2015,318570,132483
Boulder County,2016,321989,133692
Broomfield County,1985,0,0
Broomfield County,1986,0,0
Broomfield County,1987,0,0
Broomfield County,1988,0,0
Broomfield County,1989,0,0
Broomfield County,1990,0,0
Broomfield County,1991,0,0
Broomfield County,1992,0,0
Broomfield County,1993,0,0
Broomfield County,1994,0,0
Broomfield County,1995,0,0
Broomfield County,1996,0,0
Broomfield County,1997,0,0
Broomfield County,1998,0,0
Broomfield County,1999,0,0
Broomfield County,2000,38544,14450
Broomfield County,2001,41387,15056
Broomfield County,2002,42432,15881
Broomfield County,2003,44960,16800
Broomfield County,2004,46406,17548
Broomfield County,2005,48251,18778
Broomfield County,2006,51152,19729
Broomfield County,2007,53328,20727
Broomfield County,2008,54400,21472
Broomfield County,2009,55378,22327
Broomfield County,2010,56107,22684
Broomfield County,2011,57211,22894
Broomfield County,2012,58715,23103
Broomfield County,2013,59975,23563
Broomfield County,2014,61554,24620
Broomfield County,2015,64656,25975
Broomfield County,2016,66252,26324
Chaffee County,1985,12349,6402
Chaffee County,1986,12473,6473
Chaffee County,1987,12453,6511
Chaffee County,1988,12390,6572
Chaffee County,1989,12559,6575
Chaffee County,1990,12706,6547
Chaffee County,1991,12864,6583
Chaffee County,1992,13121,6687
Chaffee County,1993,13700,6770
Chaffee County,1994,14107,6887
Chaffee County,1995,14656,7069
Chaffee County,1996,15125,7280
Chaffee County,1997,15406,7533
Chaffee County,1998,15526,7699
Chaffee County,1999,15936,7914
Chaffee County,2000,16312,8449
Chaffee County,2001,16410,8660
Chaffee County,2002,16646,8840
Chaffee County,2003,16794,9060
Chaffee County,2004,16946,9243
Chaffee County,2005,17022,9419
Chaffee County,2006,16984,9549
Chaffee County,2007,17238,9725
Chaffee County,2008,17403,9943
Chaffee County,2009,17604,9988
Chaffee County,2010,17797,10043
Chaffee County,2011,18012,10129
Chaffee County,2012,18123,10173
Chaffee County,2013,18281,10243
Chaffee County,2014,18459,10310
Chaffee County,2015,18603,10442
Chaffee County,2016,19097,10664
Cheyenne County,1985,2294,1060
Cheyenne County,1986,2185,1090
Cheyenne County,1987,2097,1119
Cheyenne County,1988,2208,1122
Cheyenne County,1989,2314,1128
Cheyenne County,1990,2413,1083
Cheyenne County,1991,2476,1087
Cheyenne County,1992,2407,1089
Cheyenne County,1993,2306,1092
Cheyenne County,1994,2291,1097
Cheyenne County,1995,2269,1101
Cheyenne County,1996,2284,1103
Cheyenne County,1997,2295,1105
Cheyenne County,1998,2343,1111
Cheyenne County,1999,2279,1113
Cheyenne County,2000,2216,1103
Cheyenne County,2001,2173,1090
Cheyenne County,2002,2162,1078
Cheyenne County,2003,2119,1064
Cheyenne County,2004,2070,1050
Cheyenne County,2005,2041,1038
Cheyenne County,2006,1977,1026
Cheyenne County,2007,1910,1013
Cheyenne County,2008,1898,999
Cheyenne County,2009,1833,985
Cheyenne County,2010,1834,975
Cheyenne County,2011,1864,976
Cheyenne County,2012,1875,976
Cheyenne County,2013,1889,985
Cheyenne County,2014,1847,986
Cheyenne County,2015,1830,992
Cheyenne County,2016,1853,997
Clear Creek County,1985,7936,4596
Clear Creek County,1986,8159,4647
Clear Creek County,1987,7822,4681
Clear Creek County,1988,7727,4724
Clear Creek County,1989,7667,4839
Clear Creek County,1990,7613,4811
Clear Creek County,1991,7653,4834
Clear Creek County,1992,7842,4856
Clear Creek County,1993,8037,4921
Clear Creek County,1994,8458,4990
Clear Creek County,1995,8684,5071
Clear Creek County,1996,8716,5154
Clear Creek County,1997,8880,5247
Clear Creek County,1998,8998,5330
Clear Creek County,1999,9183,5432
Clear Creek County,2000,9361,5175
Clear Creek County,2001,9464,5245
Clear Creek County,2002,9466,5313
Clear Creek County,2003,9517,5382
Clear Creek County,2004,9461,5461
Clear Creek County,2005,9392,5511
Clear Creek County,2006,9279,5545
Clear Creek County,2007,9333,5596
Clear Creek County,2008,9294,5638
Clear Creek County,2009,9060,5664
Clear Creek County,2010,9155,5687
Clear Creek County,2011,9070,5700
Clear Creek County,2012,9103,5716
Clear Creek County,2013,9095,5711
Clear Creek County,2014,9210,5718
Clear Creek County,2015,9392,5726
Clear Creek County,2016,9443,5740
Conejos County,1985,7776,3316
Conejos County,1986,7947,3313
Conejos County,1987,8090,3310
Conejos County,1988,7854,3318
Conejos County,1989,7623,3309
Conejos County,1990,7451,3574
Conejos County,1991,7534,3575
Conejos County,1992,7514,3575
Conejos County,1993,7642,3576
Conejos County,1994,7755,3581
Conejos County,1995,7906,3585
Conejos County,1996,8019,3586
Conejos County,1997,8100,3754
Conejos County,1998,8187,3920
Conejos County,1999,8308,3888
Conejos County,2000,8408,3887
Conejos County,2001,8365,3886
Conejos County,2002,8389,3887
Conejos County,2003,8387,4084
Conejos County,2004,8501,4112
Conejos County,2005,8500,4157
Conejos County,2006,8470,4193
Conejos County,2007,8433,4228
Conejos County,2008,8384,4257
Conejos County,2009,8210,4274
Conejos County,2010,8282,4290
Conejos County,2011,8282,4307
Conejos County,2012,8246,4321
Conejos County,2013,8229,4335
Conejos County,2014,8246,4350
Conejos County,2015,8074,4365
Conejos County,2016,8039,4388
Costilla County,1985,3363,1614
Costilla County,1986,3307,1640
Costilla County,1987,3349,1667
Costilla County,1988,3397,1671
Costilla County,1989,3277,1600
Costilla County,1990,3193,1743
Costilla County,1991,3256,1743
Costilla County,1992,3190,1743
Costilla County,1993,3337,2133
Costilla County,1994,3376,2133
Costilla County,1995,3511,2133
Costilla County,1996,3581,2133
Costilla County,1997,3641,2133
Costilla County,1998,3700,2133
Costilla County,1999,3679,2133
Costilla County,2000,3674,2211
Costilla County,2001,3741,2244
Costilla County,2002,3734,2278
Costilla County,2003,3800,2300
Costilla County,2004,3802,2330
Costilla County,2005,3695,2373
Costilla County,2006,3698,2426
Costilla County,2007,3676,2473
Costilla County,2008,3611,2523
Costilla County,2009,3505,2584
Costilla County,2010,3532,2622
Costilla County,2011,3647,2649
Costilla County,2012,3601,2667
Costilla County,2013,3537,2684
Costilla County,2014,3560,2710
Costilla County,2015,3572,2740
Costilla County,2016,3707,2777
COUNTY,0,0,0
Crowley County,1985,2997,1309
Crowley County,1986,2985,1310
Crowley County,1987,3072,1362
Crowley County,1988,3842,1405
Crowley County,1989,3901,1405
Crowley County,1990,3929,1415
Crowley County,1991,3973,1416
Crowley County,1992,4140,1417
Crowley County,1993,4145,1417
Crowley County,1994,4207,1417
Crowley County,1995,4221,1418
Crowley County,1996,4266,1419
Crowley County,1997,4303,1442
Crowley County,1998,4286,1444
Crowley County,1999,4998,1539
Crowley County,2000,5130,1546
Crowley County,2001,5253,1561
Crowley County,2002,5344,1561
Crowley County,2003,5156,1560
Crowley County,2004,5432,1558
Crowley County,2005,5437,1560
Crowley County,2006,5713,1561
Crowley County,2007,5907,1559
Crowley County,2008,5893,1562
Crowley County,2009,5803,1561
Crowley County,2010,5838,1559
Crowley County,2011,5817,1563
Crowley County,2012,5376,1565
Crowley County,2013,5278,1565
Crowley County,2014,5550,1568
Crowley County,2015,5569,1575
Crowley County,2016,5214,1580
Custer County,1985,2066,1300
Custer County,1986,2075,1304
Custer County,1987,2050,1310
Custer County,1988,1976,1313
Custer County,1989,1947,1336
Custer County,1990,1944,2216
Custer County,1991,2012,2216
Custer County,1992,2141,2253
Custer County,1993,2323,2297
Custer County,1994,2418,2363
Custer County,1995,2618,2450
Custer County,1996,2848,2542
Custer County,1997,3057,2623
Custer County,1998,3175,2841
Custer County,1999,3364,2978
Custer County,2000,3520,3029
Custer County,2001,3730,3079
Custer County,2002,3783,3157
Custer County,2003,3934,3249
Custer County,2004,3984,3313
Custer County,2005,4045,3442
Custer County,2006,4017,3573
Custer County,2007,4130,3696
Custer County,2008,4119,3797
Custer County,2009,4166,3888
Custer County,2010,4272,3971
Custer County,2011,4227,4034
Custer County,2012,4241,4099
Custer County,2013,4287,4152
Custer County,2014,4368,4198
Custer County,2015,4457,4240
Custer County,2016,4617,4283
Delta County,1985,23466,9974
Delta County,1986,22353,9689
Delta County,1987,21782,9387
Delta County,1988,21502,9402
Delta County,1989,21205,9397
Delta County,1990,20991,10082
Delta County,1991,21229,10085
Delta County,1992,21869,10089
Delta County,1993,23233,10159
Delta County,1994,24343,10453
Delta County,1995,25193,10507
Delta County,1996,25718,10557
Delta County,1997,26005,10616
Delta County,1998,26821,10655
Delta County,1999,27400,10730
Delta County,2000,27909,12410
Delta County,2001,28387,12685
Delta County,2002,28778,12926
Delta County,2003,29061,13175
Delta County,2004,29453,13453
Delta County,2005,29412,13733
Delta County,2006,29702,14040
Delta County,2007,29877,14265
Delta County,2008,30342,14439
Delta County,2009,30625,14516
Delta County,2010,30889,14575
Delta County,2011,30370,14567
Delta County,2012,30461,14555
Delta County,2013,30322,14623
Delta County,2014,29988,14687
Delta County,2015,29973,14683
Delta County,2016,30471,14679
Denver County,1985,496431,238346
Denver County,1986,497014,239660
Denver County,1987,490274,242120
Denver County,1988,479622,243234
Denver County,1989,472785,243525
Denver County,1990,467854,239636
Denver County,1991,475183,239578
Denver County,1992,488258,239474
Denver County,1993,501335,239757
Denver County,1994,504249,240542
Denver County,1995,507723,242644
Denver County,1996,518255,243430
Denver County,1997,527442,244862
Denver County,1998,533406,247123
Denver County,1999,545517,252354
Denver County,2000,556738,252392
Denver County,2001,563300,256223
Denver County,2002,559090,260857
Denver County,2003,560348,265654
Denver County,2004,560230,268921
Denver County,2005,559459,273126
Denver County,2006,562862,276569
Denver County,2007,570437,280158
Denver County,2008,581903,281076
Denver County,2009,595573,283636
Denver County,2010,604879,286635
Denver County,2011,620684,287753
Denver County,2012,634471,289832
Denver County,2013,648162,294752
Denver County,2014,662855,300694
Denver County,2015,680658,306478
Denver County,2016,693292,314631
Dolores County,1985,1548,916
Dolores County,1986,1529,945
Dolores County,1987,1494,974
Dolores County,1988,1591,976
Dolores County,1989,1541,1009
Dolores County,1990,1489,947
Dolores County,1991,1437,947
Dolores County,1992,1403,953
Dolores County,1993,1426,957
Dolores County,1994,1499,970
Dolores County,1995,1566,975
Dolores County,1996,1636,987
Dolores County,1997,1674,993
Dolores County,1998,1766,996
Dolores County,1999,1811,1002
Dolores County,2000,1849,1200
Dolores County,2001,1865,1226
Dolores County,2002,1880,1254
Dolores County,2003,1879,1283
Dolores County,2004,1873,1312
Dolores County,2005,1888,1338
Dolores County,2006,1990,1367
Dolores County,2007,2001,1394
Dolores County,2008,2074,1422
Dolores County,2009,2052,1448
Dolores County,2010,2060,1468
Dolores County,2011,2025,1468
Dolores County,2012,1990,1468
Dolores County,2013,2021,1469
Dolores County,2014,1965,1469
Dolores County,2015,1972,1476
Dolores County,2016,2035,1476
Douglas County,1985,40048,15225
Douglas County,1986,45654,17810
Douglas County,1987,48844,20189
Douglas County,1988,53127,22017
Douglas County,1989,57164,23622
Douglas County,1990,61559,22291
Douglas County,1991,66688,23878
Douglas County,1992,75361,25794
Douglas County,1993,83132,28810
Douglas County,1994,92526,32229
Douglas County,1995,103839,36274
Douglas County,1996,114713,41059
Douglas County,1997,129331,46739
Douglas County,1998,144354,52303
Douglas County,1999,162323,58385
Douglas County,2000,180510,65623
Douglas County,2001,199038,72898
Douglas County,2002,209705,79062
Douglas County,2003,221146,84225
Douglas County,2004,233646,88496
Douglas County,2005,244442,93034
Douglas County,2006,257833,98058
Douglas County,2007,268599,101912
Douglas County,2008,276740,104350
Douglas County,2009,282163,106155
Douglas County,2010,287124,107071
Douglas County,2011,292478,107869
Douglas County,2012,298638,108865
Douglas County,2013,306627,111257
Douglas County,2014,314804,112861
Douglas County,2015,322198,114977
Douglas County,2016,328330,117683
Eagle County,1985,18029,13585
Eagle County,1986,18853,13921
Eagle County,1987,19002,14093
Eagle County,1988,19567,14317
Eagle County,1989,20881,14688
Eagle County,1990,22118,15226
Eagle County,1991,23458,15845
Eagle County,1992,24940,16524
Eagle County,1993,26832,17077
Eagle County,1994,29027,17987
Eagle County,1995,30883,19054
Eagle County,1996,32928,20073
Eagle County,1997,35206,21044
Eagle County,1998,37614,22521
Eagle County,1999,39909,23646
Eagle County,2000,43289,25145
Eagle County,2001,44440,25966
Eagle County,2002,45100,26510
Eagle County,2003,45758,27274
Eagle County,2004,46485,27864
Eagle County,2005,47278,28711
Eagle County,2006,48214,29573
Eagle County,2007,49284,30271
Eagle County,2008,50301,30917
Eagle County,2009,51520,31165
Eagle County,2010,52057,31330
Eagle County,2011,51649,31382
Eagle County,2012,51849,31433
Eagle County,2013,52334,31519
Eagle County,2014,52761,31624
Eagle County,2015,53320,31870
Eagle County,2016,53928,32043
El Paso County,1985,368506,149466
El Paso County,1986,379304,156153
El Paso County,1987,392720,162616
El Paso County,1988,395265,165354
El Paso County,1989,396314,166667
El Paso County,1990,397887,165056
El Paso County,1991,405954,166081
El Paso County,1992,422815,167268
El Paso County,1993,437135,170159
El Paso County,1994,456500,173741
El Paso County,1995,469693,177505
El Paso County,1996,476989,182530
El Paso County,1997,486805,187987
El Paso County,1998,498021,193073
El Paso County,1999,508815,198250
El Paso County,2000,519802,204091
El Paso County,2001,536336,211168
El Paso County,2002,545240,217845
El Paso County,2003,551668,226996
El Paso County,2004,558455,233118
El Paso County,2005,569322,239367
El Paso County,2006,582502,244173
El Paso County,2007,588772,247960
El Paso County,2008,599060,250335
El Paso County,2009,608518,251891
El Paso County,2010,627232,252957
El Paso County,2011,638289,253871
El Paso County,2012,647446,256167
El Paso County,2013,656981,258857
El Paso County,2014,665052,261627
El Paso County,2015,676178,264673
El Paso County,2016,690207,267737
Elbert County,1985,8560,3520
Elbert County,1986,8793,3712
Elbert County,1987,9340,3945
Elbert County,1988,9829,4110
Elbert County,1989,9725,4243
Elbert County,1990,9763,3997
Elbert County,1991,10268,4094
Elbert County,1992,10766,4196
Elbert County,1993,11542,4390
Elbert County,1994,12847,4758
Elbert County,1995,14328,5316
Elbert County,1996,15806,5835
Elbert County,1997,16987,6253
Elbert County,1998,18032,6569
Elbert County,1999,19087,6880
Elbert County,2000,20104,7186
Elbert County,2001,21294,7486
Elbert County,2002,21604,7772
Elbert County,2003,21933,7948
Elbert County,2004,22041,8099
Elbert County,2005,22259,8297
Elbert County,2006,22527,8535
Elbert County,2007,22478,8756
Elbert County,2008,22663,8887
Elbert County,2009,22890,8916
Elbert County,2010,23107,8949
Elbert County,2011,23213,8981
Elbert County,2012,23371,9010
Elbert County,2013,23632,9053
Elbert County,2014,24093,9130
Elbert County,2015,24640,9242
Elbert County,2016,25169,9389
Fremont County,1985,31366,13085
Fremont County,1986,31130,13450
Fremont County,1987,31394,13761
Fremont County,1988,31893,13897
Fremont County,1989,32114,14600
Fremont County,1990,32200,13683
Fremont County,1991,32237,13837
Fremont County,1992,33818,13923
Fremont County,1993,36507,14105
Fremont County,1994,38705,14336
Fremont County,1995,40522,14635
Fremont County,1996,41828,14971
Fremont County,1997,42844,15212
Fremont County,1998,43813,15539
Fremont County,1999,45144,15895
Fremont County,2000,46370,17230
Fremont County,2001,46733,17347
Fremont County,2002,46969,17559
Fremont County,2003,46828,17692
Fremont County,2004,46540,17975
Fremont County,2005,46447,18191
Fremont County,2006,46703,18444
Fremont County,2007,46654,18685
Fremont County,2008,46774,18925
Fremont County,2009,46635,19104
Fremont County,2010,46854,19256
Fremont County,2011,47406,19313
Fremont County,2012,47075,19372
Fremont County,2013,46441,19439
Fremont County,2014,46389,19507
Fremont County,2015,46659,19566
Fremont County,2016,47487,19625
Garfield County,1985,25714,12647
Garfield County,1986,26191,12265
Garfield County,1987,26387,12078
Garfield County,1988,27325,12166
Garfield County,1989,28809,12290
Garfield County,1990,30151,12517
Garfield County,1991,31230,12733
Garfield County,1992,31339,12880
Garfield County,1993,32574,13220
Garfield County,1994,34496,13648
Garfield County,1995,36417,14181
Garfield County,1996,37677,14695
Garfield County,1997,38894,15131
Garfield County,1998,41231,15534
Garfield County,1999,42691,16097
Garfield County,2000,44240,17521
Garfield County,2001,45907,18229
Garfield County,2002,46728,18927
Garfield County,2003,47484,19525
Garfield County,2004,48156,20008
Garfield County,2005,49256,20598
Garfield County,2006,51106,21230
Garfield County,2007,52676,22106
Garfield County,2008,54226,22805
Garfield County,2009,55400,23145
Garfield County,2010,56150,23327
Garfield County,2011,56005,23363
Garfield County,2012,56770,23395
Garfield County,2013,56947,23488
Garfield County,2014,57260,23563
Garfield County,2015,57779,23641
Garfield County,2016,58984,23772
Gilpin County,1985,3081,2185
Gilpin County,1986,3237,2219
Gilpin County,1987,3279,2240
Gilpin County,1988,3172,2256
Gilpin County,1989,3114,2265
Gilpin County,1990,3069,2438
Gilpin County,1991,3089,2454
Gilpin County,1992,3244,2471
Gilpin County,1993,3376,2505
Gilpin County,1994,3499,2537
Gilpin County,1995,3668,2595
Gilpin County,1996,3792,2662
Gilpin County,1997,4035,2916
Gilpin County,1998,4246,2996
Gilpin County,1999,4538,3082
Gilpin County,2000,4803,2950
Gilpin County,2001,4829,3035
Gilpin County,2002,4830,3102
Gilpin County,2003,4851,3175
Gilpin County,2004,4825,3234
Gilpin County,2005,4892,3312
Gilpin County,2006,4953,3401
Gilpin County,2007,4964,3479
Gilpin County,2008,5084,3524
Gilpin County,2009,5396,3545
Gilpin County,2010,5463,3564
Gilpin County,2011,5448,3568
Gilpin County,2012,5457,3584
Gilpin County,2013,5571,3592
Gilpin County,2014,5769,3606
Gilpin County,2015,5824,3619
Gilpin County,2016,5926,3640
Grand County,1985,9212,9948
Grand County,1986,9139,10113
Grand County,1987,8908,10213
Grand County,1988,8467,10301
Grand County,1989,8178,10305
Grand County,1990,8006,9985
Grand County,1991,8389,10048
Grand County,1992,8604,10109
Grand County,1993,8925,10198
Grand County,1994,9339,10327
Grand County,1995,9953,10600
Grand County,1996,10511,10847
Grand County,1997,10966,11129
Grand County,1998,11409,11493
Grand County,1999,11995,12137
Grand County,2000,12853,12198
Grand County,2001,13283,12716
Grand County,2002,13461,13169
Grand County,2003,13688,13267
Grand County,2004,13912,13662
Grand County,2005,13897,14074
Grand County,2006,14135,14541
Grand County,2007,14339,15327
Grand County,2008,14535,15786
Grand County,2009,14664,15980
Grand County,2010,14790,16094
Grand County,2011,14548,16181
Grand County,2012,14157,15612
Grand County,2013,14271,15675
Grand County,2014,14451,16421
Grand County,2015,14602,16518
Grand County,2016,15039,16670
Gunnison County,1985,10390,7165
Gunnison County,1986,10890,7243
Gunnison County,1987,10855,7350
Gunnison County,1988,10827,7477
Gunnison County,1989,10509,7544
Gunnison County,1990,10281,7294
Gunnison County,1991,10416,7457
Gunnison County,1992,10776,7623
Gunnison County,1993,11311,7856
Gunnison County,1994,11671,8113
Gunnison County,1995,11974,8452
Gunnison County,1996,12244,8777
Gunnison County,1997,12405,9012
Gunnison County,1998,13442,9288
Gunnison County,1999,13736,9660
Gunnison County,2000,13989,9222
Gunnison County,2001,14345,9571
Gunnison County,2002,14316,9793
Gunnison County,2003,14206,10020
Gunnison County,2004,14230,10244
Gunnison County,2005,14473,10456
Gunnison County,2006,14650,10738
Gunnison County,2007,14957,11002
Gunnison County,2008,15137,11214
Gunnison County,2009,15266,11338
Gunnison County,2010,15309,11434
Gunnison County,2011,15269,11505
Gunnison County,2012,15384,11554
Gunnison County,2013,15591,11601
Gunnison County,2014,15767,11664
Gunnison County,2015,16097,11722
Gunnison County,2016,16394,11819
Hinsdale County,1985,472,888
Hinsdale County,1986,468,908
Hinsdale County,1987,508,913
Hinsdale County,1988,489,929
Hinsdale County,1989,476,987
Hinsdale County,1990,463,1254
Hinsdale County,1991,453,1267
Hinsdale County,1992,504,1274
Hinsdale County,1993,546,1286
Hinsdale County,1994,612,1305
Hinsdale County,1995,659,1337
Hinsdale County,1996,707,1354
Hinsdale County,1997,739,1383
Hinsdale County,1998,776,1403
Hinsdale County,1999,784,1416
Hinsdale County,2000,792,1307
Hinsdale County,2001,804,1316
Hinsdale County,2002,806,1325
Hinsdale County,2003,784,1333
Hinsdale County,2004,831,1335
Hinsdale County,2005,813,1343
Hinsdale County,2006,830,1356
Hinsdale County,2007,845,1363
Hinsdale County,2008,824,1383
Hinsdale County,2009,827,1386
Hinsdale County,2010,843,1391
Hinsdale County,2011,824,1398
Hinsdale County,2012,795,1404
Hinsdale County,2013,804,1407
Hinsdale County,2014,774,1411
Hinsdale County,2015,767,1415
Hinsdale County,2016,775,1421
Huerfano County,1985,6809,4123
Huerfano County,1986,6752,4179
Huerfano County,1987,6500,4227
Huerfano County,1988,6292,4302
Huerfano County,1989,6130,4334
Huerfano County,1990,6004,3913
Huerfano County,1991,6057,3929
Huerfano County,1992,6181,3943
Huerfano County,1993,6439,3966
Huerfano County,1994,6923,3992
Huerfano County,1995,7162,4052
Huerfano County,1996,7389,4123
Huerfano County,1997,7672,4219
Huerfano County,1998,7781,4326
Huerfano County,1999,7827,4435
Huerfano County,2000,7827,4620
Huerfano County,2001,7905,4705
Huerfano County,2002,7916,4787
Huerfano County,2003,8042,4837
Huerfano County,2004,7729,4878
Huerfano County,2005,7823,4918
Huerfano County,2006,7750,4946
Huerfano County,2007,7658,4984
Huerfano County,2008,7680,5035
Huerfano County,2009,6710,5056
Huerfano County,2010,6655,5084
Huerfano County,2011,6504,5119
Huerfano County,2012,6563,5144
Huerfano County,2013,6470,5165
Huerfano County,2014,6395,5179
Huerfano County,2015,6456,5198
Huerfano County,2016,6642,5227
Jackson County,1985,1729,1166
Jackson County,1986,1708,1170
Jackson County,1987,1775,1175
Jackson County,1988,1713,1189
Jackson County,1989,1651,1232
Jackson County,1990,1597,1326
Jackson County,1991,1556,1337
Jackson County,1992,1574,1339
Jackson County,1993,1632,1342
Jackson County,1994,1642,1348
Jackson County,1995,1609,1361
Jackson County,1996,1594,1378
Jackson County,1997,1596,1403
Jackson County,1998,1587,1417
Jackson County,1999,1582,1434
Jackson County,2000,1576,1151
Jackson County,2001,1590,1176
Jackson County,2002,1591,1193
Jackson County,2003,1586,1204
Jackson County,2004,1521,1219
Jackson County,2005,1492,1231
Jackson County,2006,1443,1246
Jackson County,2007,1422,1260
Jackson County,2008,1381,1270
Jackson County,2009,1386,1280
Jackson County,2010,1387,1288
Jackson County,2011,1372,1295
Jackson County,2012,1338,1297
Jackson County,2013,1353,1297
Jackson County,2014,1389,1302
Jackson County,2015,1353,1303
Jackson County,2016,1351,1307
Jefferson County,1985,421617,163850
Jefferson County,1986,427070,168344
Jefferson County,1987,430187,173123
Jefferson County,1988,432429,175952
Jefferson County,1989,435905,177967
Jefferson County,1990,439885,178611
Jefferson County,1991,449663,180338
Jefferson County,1992,463540,182919
Jefferson County,1993,476208,186285
Jefferson County,1994,483433,189667
Jefferson County,1995,491314,193161
Jefferson County,1996,498046,197664
Jefferson County,1997,504234,201048
Jefferson County,1998,512483,204371
Jefferson County,1999,520810,208057
Jefferson County,2000,526718,212761
Jefferson County,2001,528067,216341
Jefferson County,2002,527539,218986
Jefferson County,2003,525429,221186
Jefferson County,2004,524876,222899
Jefferson County,2005,523517,224639
Jefferson County,2006,524579,226430
Jefferson County,2007,527120,227770
Jefferson County,2008,530565,229029
Jefferson County,2009,532606,229781
Jefferson County,2010,535651,230166
Jefferson County,2011,539721,230724
Jefferson County,2012,545880,231657
Jefferson County,2013,551411,232709
Jefferson County,2014,558610,234371
Jefferson County,2015,564619,237093
Jefferson County,2016,571711,238917
Kiowa County,1985,1847,855
Kiowa County,1986,1798,844
Kiowa County,1987,1758,833
Kiowa County,1988,1711,834
Kiowa County,1989,1698,904
Kiowa County,1990,1688,878
Kiowa County,1991,1683,878
Kiowa County,1992,1695,878
Kiowa County,1993,1698,882
Kiowa County,1994,1693,882
Kiowa County,1995,1643,883
Kiowa County,1996,1662,886
Kiowa County,1997,1661,887
Kiowa County,1998,1644,887
Kiowa County,1999,1632,888
Kiowa County,2000,1614,816
Kiowa County,2001,1606,813
Kiowa County,2002,1566,811
Kiowa County,2003,1548,809
Kiowa County,2004,1523,806
Kiowa County,2005,1543,805
Kiowa County,2006,1514,803
Kiowa County,2007,1471,802
Kiowa County,2008,1432,801
Kiowa County,2009,1392,803
Kiowa County,2010,1399,806
Kiowa County,2011,1445,813
Kiowa County,2012,1425,814
Kiowa County,2013,1404,816
Kiowa County,2014,1394,820
Kiowa County,2015,1396,819
Kiowa County,2016,1347,819
Kit Carson County,1985,7547,3560
Kit Carson County,1986,7373,3552
Kit Carson County,1987,7241,3545
Kit Carson County,1988,7280,3554
Kit Carson County,1989,7201,3580
Kit Carson County,1990,7128,3224
Kit Carson County,1991,7161,3227
Kit Carson County,1992,7232,3230
Kit Carson County,1993,7267,3236
Kit Carson County,1994,7340,3235
Kit Carson County,1995,7413,3255
Kit Carson County,1996,7486,3275
Kit Carson County,1997,7599,3293
Kit Carson County,1998,7754,3308
Kit Carson County,1999,7901,3340
Kit Carson County,2000,7975,3437
Kit Carson County,2001,8073,3469
Kit Carson County,2002,8289,3482
Kit Carson County,2003,8185,3497
Kit Carson County,2004,8257,3503
Kit Carson County,2005,7998,3509
Kit Carson County,2006,7946,3519
Kit Carson County,2007,7835,3520
Kit Carson County,2008,8042,3525
Kit Carson County,2009,8269,3526
Kit Carson County,2010,8267,3527
Kit Carson County,2011,8181,3529
Kit Carson County,2012,8088,3529
Kit Carson County,2013,8269,3529
Kit Carson County,2014,8039,3553
Kit Carson County,2015,8219,3555
Kit Carson County,2016,7639,3555
La Plata County,1985,31393,14935
La Plata County,1986,30790,15223
La Plata County,1987,30916,15400
La Plata County,1988,31179,15565
La Plata County,1989,31809,15835
La Plata County,1990,32466,15412
La Plata County,1991,33411,15657
La Plata County,1992,34429,15921
La Plata County,1993,35598,16613
La Plata County,1994,36906,17165
La Plata County,1995,38760,17755
La Plata County,1996,39704,19237
La Plata County,1997,40318,19768
La Plata County,1998,41173,20233
La Plata County,1999,42757,20747
La Plata County,2000,44578,21117
La Plata County,2001,45645,21728
La Plata County,2002,46089,22253
La Plata County,2003,46447,22632
La Plata County,2004,46926,23259
La Plata County,2005,47713,23858
La Plata County,2006,48408,24583
La Plata County,2007,49146,25160
La Plata County,2008,50073,25719
La Plata County,2009,50759,25813
La Plata County,2010,51441,25917
La Plata County,2011,51866,26132
La Plata County,2012,52457,26283
La Plata County,2013,53405,26452
La Plata County,2014,53978,26731
La Plata County,2015,54857,27048
La Plata County,2016,55697,27404
Lake County,1985,6789,3833
Lake County,1986,6450,3811
Lake County,1987,6045,3788
Lake County,1988,5750,3803
Lake County,1989,5896,3768
Lake County,1990,6035,3527
Lake County,1991,6141,3530
Lake County,1992,6209,3538
Lake County,1993,6271,3554
Lake County,1994,6380,3563
Lake County,1995,7143,3772
Lake County,1996,7554,3804
Lake County,1997,7860,3847
Lake County,1998,7835,3905
Lake County,1999,7822,3949
Lake County,2000,7940,3974
Lake County,2001,7821,4014
Lake County,2002,7726,4050
Lake County,2003,7520,4125
Lake County,2004,7416,4164
Lake County,2005,7284,4210
Lake County,2006,7217,4243
Lake County,2007,7271,4273
Lake County,2008,7269,4304
Lake County,2009,7174,4285
Lake County,2010,7282,4271
Lake County,2011,7382,4290
Lake County,2012,7291,4308
Lake County,2013,7317,4328
Lake County,2014,7370,4328
Lake County,2015,7502,4328
Lake County,2016,7595,4350
Larimer County,1985,170724,72762
Larimer County,1986,174980,75415
Larimer County,1987,178151,77385
Larimer County,1988,180220,78981
Larimer County,1989,183598,80242
Larimer County,1990,187081,77811
Larimer County,1991,193542,79021
Larimer County,1992,199666,80538
Larimer County,1993,206844,82443
Larimer County,1994,214936,85053
Larimer County,1995,221622,88223
Larimer County,1996,227248,91020
Larimer County,1997,232796,94645
Larimer County,1998,239080,97421
Larimer County,1999,246156,100714
Larimer County,2000,253088,106267
Larimer County,2001,260911,109883
Larimer County,2002,266171,113808
Larimer County,2003,268146,117039
Larimer County,2004,273269,120291
Larimer County,2005,275873,123765
Larimer County,2006,281027,126495
Larimer County,2007,286754,128796
Larimer County,2008,292394,130534
Larimer County,2009,297502,132197
Larimer County,2010,300532,132836
Larimer County,2011,305078,134051
Larimer County,2012,310717,135411
Larimer County,2013,316284,137431
Larimer County,2014,324105,140013
Larimer County,2015,332830,142711
Larimer County,2016,338663,144976
Las Animas County,1985,14241,6645
Las Animas County,1986,14113,6727
Las Animas County,1987,14397,6806
Las Animas County,1988,14222,6833
Las Animas County,1989,13960,6838
Las Animas County,1990,13772,6975
Las Animas County,1991,13816,7011
Las Animas County,1992,14029,7066
Las Animas County,1993,14212,7104
Las Animas County,1994,14754,7143
Las Animas County,1995,14909,7202
Las Animas County,1996,14967,7314
Las Animas County,1997,15045,7397
Las Animas County,1998,15054,7482
Las Animas County,1999,15142,7569
Las Animas County,2000,15286,7647
Las Animas County,2001,15310,7721
Las Animas County,2002,15659,7790
Las Animas County,2003,16089,7887
Las Animas County,2004,15700,7953
Las Animas County,2005,15570,7991
Las Animas County,2006,15552,8037
Las Animas County,2007,15525,8080
Las Animas County,2008,15486,8161
Las Animas County,2009,15477,8204
Las Animas County,2010,15407,8221
Las Animas County,2011,15045,8230
Las Animas County,2012,14966,8245
Las Animas County,2013,14378,8368
Las Animas County,2014,14078,8403
Las Animas County,2015,14061,8402
Las Animas County,2016,14082,8405
Lincoln County,1985,4588,2296
Lincoln County,1986,4431,2265
Lincoln County,1987,4442,2231
Lincoln County,1988,4577,2235
Lincoln County,1989,4549,2397
Lincoln County,1990,4714,2204
Lincoln County,1991,5430,2226
Lincoln County,1992,5975,2266
Lincoln County,1993,5878,2267
Lincoln County,1994,5939,2290
Lincoln County,1995,5983,2291
Lincoln County,1996,6112,2297
Lincoln County,1997,6094,2313
Lincoln County,1998,6107,2329
Lincoln County,1999,6096,2347
Lincoln County,2000,6163,2403
Lincoln County,2001,6076,2412
Lincoln County,2002,6047,2413
Lincoln County,2003,6052,2416
Lincoln County,2004,5907,2416
Lincoln County,2005,5787,2416
Lincoln County,2006,5665,2416
Lincoln County,2007,5571,2420
Lincoln County,2008,5522,2417
Lincoln County,2009,5463,2420
Lincoln County,2010,5474,2422
Lincoln County,2011,5397,2423
Lincoln County,2012,5438,2425
Lincoln County,2013,5414,2435
Lincoln County,2014,5509,2442
Lincoln County,2015,5549,2444
Lincoln County,2016,5554,2459
Logan County,1985,19063,8381
Logan County,1986,18167,8389
Logan County,1987,17740,8393
Logan County,1988,17932,8404
Logan County,1989,17725,8340
Logan County,1990,17487,7824
Logan County,1991,17503,7828
Logan County,1992,17562,7838
Logan County,1993,17959,7843
Logan County,1994,18828,7851
Logan County,1995,19368,7887
Logan County,1996,19661,7972
Logan County,1997,20008,8073
Logan County,1998,20003,8181
Logan County,1999,20289,8318
Logan County,2000,20655,8473
Logan County,2001,22354,8531
Logan County,2002,22095,8608
Logan County,2003,22371,8723
Logan County,2004,22181,8805
Logan County,2005,22088,8854
Logan County,2006,22267,8878
Logan County,2007,22403,8919
Logan County,2008,22324,8962
Logan County,2009,22517,8990
Logan County,2010,22293,8985
Logan County,2011,22254,9000
Logan County,2012,22003,9013
Logan County,2013,21809,9020
Logan County,2014,22099,9035
Logan County,2015,22122,9048
Logan County,2016,22047,9070
Mesa County,1985,88021,40995
Mesa County,1986,85562,41667
Mesa County,1987,85559,42254
Mesa County,1988,87288,42417
Mesa County,1989,90593,40772
Mesa County,1990,93577,39208
Mesa County,1991,95992,39475
Mesa County,1992,97411,39818
Mesa County,1993,99903,40381
Mesa County,1994,102767,41172
Mesa County,1995,105406,42096
Mesa County,1996,107529,43037
Mesa County,1997,109762,44081
Mesa County,1998,112327,45195
Mesa County,1999,114573,50976
Mesa County,2000,117651,49075
Mesa County,2001,119864,50299
Mesa County,2002,121787,51456
Mesa County,2003,124152,52889
Mesa County,2004,126626,54221
Mesa County,2005,128999,56346
Mesa County,2006,133128,58239
Mesa County,2007,137390,60151
Mesa County,2008,140680,61775
Mesa County,2009,144795,62440
Mesa County,2010,147155,62358
Mesa County,2011,148108,63183
Mesa County,2012,148291,63561
Mesa County,2013,148232,64087
Mesa County,2014,148250,64205
Mesa County,2015,149023,65137
Mesa County,2016,150731,65601
Mineral County,1985,836,887
Mineral County,1986,771,877
Mineral County,1987,738,868
Mineral County,1988,689,876
Mineral County,1989,611,923
Mineral County,1990,558,1201
Mineral County,1991,570,1211
Mineral County,1992,590,1222
Mineral County,1993,600,1237
Mineral County,1994,646,1253
Mineral County,1995,674,1269
Mineral County,1996,724,1294
Mineral County,1997,744,1325
Mineral County,1998,772,1337
Mineral County,1999,806,1351
Mineral County,2000,837,1120
Mineral County,2001,820,1126
Mineral County,2002,805,1135
Mineral County,2003,830,1143
Mineral County,2004,842,1152
Mineral County,2005,806,1163
Mineral County,2006,789,1178
Mineral County,2007,803,1192
Mineral County,2008,767,1203
Mineral County,2009,714,1202
Mineral County,2010,705,1203
Mineral County,2011,706,1212
Mineral County,2012,706,1222
Mineral County,2013,727,1226
Mineral County,2014,696,1228
Mineral County,2015,729,1231
Mineral County,2016,737,1234
Moffat County,1985,13286,5772
Moffat County,1986,12679,5740
Moffat County,1987,11886,5706
Moffat County,1988,11754,5727
Moffat County,1989,11526,5498
Moffat County,1990,11354,5235
Moffat County,1991,11449,5237
Moffat County,1992,11692,5239
Moffat County,1993,11797,5246
Moffat County,1994,11996,5261
Moffat County,1995,12187,5278
Moffat County,1996,12291,5371
Moffat County,1997,12572,5413
Moffat County,1998,12812,5473
Moffat County,1999,13025,5507
Moffat County,2000,13182,5645
Moffat County,2001,13089,5712
Moffat County,2002,13134,5760
Moffat County,2003,13054,5850
Moffat County,2004,13063,5909
Moffat County,2005,12965,5978
Moffat County,2006,13102,6050
Moffat County,2007,13270,6098
Moffat County,2008,13446,6160
Moffat County,2009,13544,6181
Moffat County,2010,13806,6202
Moffat County,2011,13402,6209
Moffat County,2012,13135,6219
Moffat County,2013,13080,6230
Moffat County,2014,12866,6239
Moffat County,2015,12884,6248
Moffat County,2016,13088,6255
Montezuma County,1985,19283,7601
Montezuma County,1986,18835,7740
Montezuma County,1987,18192,7877
Montezuma County,1988,18110,7904
Montezuma County,1989,18432,7675
Montezuma County,1990,18710,8050
Montezuma County,1991,19060,8059
Montezuma County,1992,19651,8077
Montezuma County,1993,20640,8482
Montezuma County,1994,21393,8767
Montezuma County,1995,22159,8856
Montezuma County,1996,22650,9125
Montezuma County,1997,22973,9339
Montezuma County,1998,23117,9366
Montezuma County,1999,23524,9427
Montezuma County,2000,23852,10535
Montezuma County,2001,23873,10687
Montezuma County,2002,24109,10861
Montezuma County,2003,24378,11014
Montezuma County,2004,24607,11162
Montezuma County,2005,24603,11323
Montezuma County,2006,25017,11507
Montezuma County,2007,25177,11691
Montezuma County,2008,25200,11861
Montezuma County,2009,25365,11994
Montezuma County,2010,25532,12098
Montezuma County,2011,25463,12109
Montezuma County,2012,25441,12117
Montezuma County,2013,25660,12126
Montezuma County,2014,25806,12135
Montezuma County,2015,26129,12196
Montezuma County,2016,26906,12225
Montrose County,1985,24389,10891
Montrose County,1986,23833,11040
Montrose County,1987,23822,11163
Montrose County,1988,24087,11251
Montrose County,1989,24281,11340
Montrose County,1990,24539,10353
Montrose County,1991,25275,10457
Montrose County,1992,26223,10584
Montrose County,1993,27287,10766
Montrose County,1994,28502,11023
Montrose County,1995,29670,11387
Montrose County,1996,30487,11645
Montrose County,1997,31252,11869
Montrose County,1998,31837,12082
Montrose County,1999,32748,12393
Montrose County,2000,33577,14292
Montrose County,2001,34442,14563
Montrose County,2002,34926,14924
Montrose County,2003,35640,15407
Montrose County,2004,36131,15783
Montrose County,2005,36997,16217
Montrose County,2006,37968,16877
Montrose County,2007,39131,17478
Montrose County,2008,39952,17877
Montrose County,2009,40680,18083
Montrose County,2010,41188,18280
Montrose County,2011,40894,18353
Montrose County,2012,40691,18425
Montrose County,2013,40674,18479
Montrose County,2014,40769,18541
Montrose County,2015,40795,18627
Montrose County,2016,41421,18745
Morgan County,1985,22431,9588
Morgan County,1986,21508,9622
Morgan County,1987,21678,9701
Morgan County,1988,21831,9722
Morgan County,1989,21895,9975
Morgan County,1990,22056,9230
Morgan County,1991,22703,9239
Morgan County,1992,23482,9267
Morgan County,1993,24241,9322
Morgan County,1994,25088,9373
Morgan County,1995,25362,9564
Morgan County,1996,26042,9690
Morgan County,1997,26647,9805
Morgan County,1998,26662,9932
Morgan County,1999,26953,10118
Morgan County,2000,27251,10440
Morgan County,2001,27475,10569
Morgan County,2002,27662,10679
Morgan County,2003,27855,10825
Morgan County,2004,27912,10964
Morgan County,2005,27947,11117
Morgan County,2006,27983,11262
Morgan County,2007,27848,11360
Morgan County,2008,27746,11430
Morgan County,2009,28026,11463
Morgan County,2010,28196,11495
Morgan County,2011,28434,11503
Morgan County,2012,28241,11525
Morgan County,2013,28219,11559
Morgan County,2014,28127,11596
Morgan County,2015,28230,11644
Morgan County,2016,28148,11645
Otero County,1985,21760,9181
Otero County,1986,21457,9256
Otero County,1987,20914,9312
Otero County,1988,20845,9324
Otero County,1989,20468,9322
Otero County,1990,20210,8739
Otero County,1991,20373,8741
Otero County,1992,20294,8750
Otero County,1993,20435,8768
Otero County,1994,20490,8771
Otero County,1995,20695,8775
Otero County,1996,20747,8826
Otero County,1997,20767,8855
Otero County,1998,20516,8895
Otero County,1999,20399,8927
Otero County,2000,20243,8821
Otero County,2001,19900,8852
Otero County,2002,19624,8875
Otero County,2003,19667,8886
Otero County,2004,19561,8920
Otero County,2005,19370,8931
Otero County,2006,19193,8933
Otero County,2007,18937,8945
Otero County,2008,18853,8971
Otero County,2009,18844,8973
Otero County,2010,18838,8970
Otero County,2011,18831,8973
Otero County,2012,18660,8976
Otero County,2013,18505,8976
Otero County,2014,18398,8980
Otero County,2015,18265,8982
Otero County,2016,18290,8986
Ouray County,1985,2130,1496
Ouray County,1986,1999,1508
Ouray County,1987,2151,1536
Ouray County,1988,2219,1565
Ouray County,1989,2262,1613
Ouray County,1990,2315,1507
Ouray County,1991,2419,1539
Ouray County,1992,2535,1576
Ouray County,1993,2653,1642
Ouray County,1994,2902,1712
Ouray County,1995,3085,1802
Ouray County,1996,3252,1898
Ouray County,1997,3322,2006
Ouray County,1998,3453,2064
Ouray County,1999,3618,2131
Ouray County,2000,3775,2162
Ouray County,2001,3809,2233
Ouray County,2002,3903,2328
Ouray County,2003,3905,2431
Ouray County,2004,4023,2566
Ouray County,2005,4084,2688
Ouray County,2006,4137,2852
Ouray County,2007,4274,2958
Ouray County,2008,4407,3036
Ouray County,2009,4372,3066
Ouray County,2010,4446,3088
Ouray County,2011,4422,3104
Ouray County,2012,4510,3122
Ouray County,2013,4544,3144
Ouray County,2014,4582,3162
Ouray County,2015,4647,3184
Ouray County,2016,4844,3215
Park County,1985,6601,6600
Park County,1986,6860,6826
Park County,1987,6937,7007
Park County,1988,6893,7145
Park County,1989,7054,7163
Park County,1990,7269,7247
Park County,1991,7700,7371
Park County,1992,8092,7468
Park County,1993,8581,7650
Park County,1994,9526,7948
Park County,1995,10577,8374
Park County,1996,11377,8826
Park County,1997,12362,9294
Park County,1998,13065,9740
Park County,1999,13900,10085
Park County,2000,14729,10810
Park County,2001,15172,11265
Park County,2002,15417,11679
Park County,2003,15789,12054
Park County,2004,15913,12384
Park County,2005,16061,12739
Park County,2006,16128,13063
Park County,2007,16336,13412
Park County,2008,16278,13684
Park County,2009,15971,13833
Park County,2010,16262,13973
Park County,2011,16096,14065
Park County,2012,16052,14137
Park County,2013,16188,14169
Park County,2014,16356,14224
Park County,2015,16716,14311
Park County,2016,17285,14432
Phillips County,1985,4421,2118
Phillips County,1986,4445,2131
Phillips County,1987,4411,2147
Phillips County,1988,4332,2153
Phillips County,1989,4249,2114
Phillips County,1990,4188,1960
Phillips County,1991,4209,1966
Phillips County,1992,4231,1968
Phillips County,1993,4378,1975
Phillips County,1994,4401,1982
Phillips County,1995,4479,1988
Phillips County,1996,4504,1996
Phillips County,1997,4574,2011
Phillips County,1998,4570,2030
Phillips County,1999,4518,2044
Phillips County,2000,4452,2016
Phillips County,2001,4487,2023
Phillips County,2002,4496,2035
Phillips County,2003,4477,2042
Phillips County,2004,4580,2049
Phillips County,2005,4548,2059
Phillips County,2006,4504,2067
Phillips County,2007,4484,2073
Phillips County,2008,4451,2077
Phillips County,2009,4454,2083
Phillips County,2010,4465,2089
Phillips County,2011,4373,2092
Phillips County,2012,4384,2093
Phillips County,2013,4359,2106
Phillips County,2014,4379,2111
Phillips County,2015,4307,2120
Phillips County,2016,4285,2127
Pitkin County,1985,11316,9432
Pitkin County,1986,11968,9468
Pitkin County,1987,12042,9553
Pitkin County,1988,12092,9657
Pitkin County,1989,12415,9762
Pitkin County,1990,12691,9837
Pitkin County,1991,12982,9990
Pitkin County,1992,13371,10076
Pitkin County,1993,14061,10183
Pitkin County,1994,14539,10321
Pitkin County,1995,14652,10513
Pitkin County,1996,14553,10605
Pitkin County,1997,14787,10785
Pitkin County,1998,14781,11165
Pitkin County,1999,14833,11339
Pitkin County,2000,15764,11901
Pitkin County,2001,16184,12117
Pitkin County,2002,16101,12166
Pitkin County,2003,16275,12229
Pitkin County,2004,16077,12272
Pitkin County,2005,16136,12356
Pitkin County,2006,16087,12485
Pitkin County,2007,16236,12653
Pitkin County,2008,16673,12920
Pitkin County,2009,17053,12979
Pitkin County,2010,17156,12960
Pitkin County,2011,17125,12994
Pitkin County,2012,17222,13017
Pitkin County,2013,17390,13036
Pitkin County,2014,17623,13292
Pitkin County,2015,17845,13512
Pitkin County,2016,17773,13670
Prowers County,1985,14374,6097
Prowers County,1986,14128,6133
Prowers County,1987,13986,6183
Prowers County,1988,14231,6188
Prowers County,1989,13719,6180
Prowers County,1990,13237,5855
Prowers County,1991,12958,5854
Prowers County,1992,13105,5852
Prowers County,1993,13422,5848
Prowers County,1994,13686,5848
Prowers County,1995,13823,5855
Prowers County,1996,14002,5866
Prowers County,1997,14117,5947
Prowers County,1998,14224,6005
Prowers County,1999,14372,6059
Prowers County,2000,14453,5980
Prowers County,2001,14109,5987
Prowers County,2002,14011,5986
Prowers County,2003,13822,6000
Prowers County,2004,13656,5997
Prowers County,2005,13510,5994
Prowers County,2006,13208,5997
Prowers County,2007,12772,5958
Prowers County,2008,12682,5951
Prowers County,2009,12576,5948
Prowers County,2010,12531,5942
Prowers County,2011,12467,5945
Prowers County,2012,12380,5951
Prowers County,2013,12271,5956
Prowers County,2014,12023,5956
Prowers County,2015,11905,5950
Prowers County,2016,11841,5945
Pueblo County,1985,121907,51045
Pueblo County,1986,122365,51414
Pueblo County,1987,122838,51775
Pueblo County,1988,123737,52116
Pueblo County,1989,123363,52635
Pueblo County,1990,122878,50872
Pueblo County,1991,123486,51039
Pueblo County,1992,124410,51199
Pueblo County,1993,126348,51544
Pueblo County,1994,128722,51949
Pueblo County,1995,130832,52292
Pueblo County,1996,132498,53330
Pueblo County,1997,134794,54717
Pueblo County,1998,137381,56103
Pueblo County,1999,139718,57454
Pueblo County,2000,141854,59196
Pueblo County,2001,143996,60453
Pueblo County,2002,146481,61792
Pueblo County,2003,147972,63222
Pueblo County,2004,148720,64483
Pueblo County,2005,149969,65740
Pueblo County,2006,152064,66899
Pueblo County,2007,154759,68087
Pueblo County,2008,156252,68803
Pueblo County,2009,157324,69140
Pueblo County,2010,159496,69615
Pueblo County,2011,160157,69872
Pueblo County,2012,160759,69986
Pueblo County,2013,161085,70247
Pueblo County,2014,161618,70406
Pueblo County,2015,163196,70509
Pueblo County,2016,165109,70701
Rio Blanco County,1985,6590,3019
Rio Blanco County,1986,6440,3024
Rio Blanco County,1987,6428,3052
Rio Blanco County,1988,6299,3066
Rio Blanco County,1989,6111,3027
Rio Blanco County,1990,6061,2803
Rio Blanco County,1991,6027,2811
Rio Blanco County,1992,6180,2809
Rio Blanco County,1993,6259,2830
Rio Blanco County,1994,6314,2852
Rio Blanco County,1995,6403,2867
Rio Blanco County,1996,6341,2884
Rio Blanco County,1997,6322,2898
Rio Blanco County,1998,6232,2914
Rio Blanco County,1999,6091,2929
Rio Blanco County,2000,5969,2859
Rio Blanco County,2001,5880,2887
Rio Blanco County,2002,5936,2919
Rio Blanco County,2003,5855,2952
Rio Blanco County,2004,5904,3004
Rio Blanco County,2005,5818,3052
Rio Blanco County,2006,5981,3106
Rio Blanco County,2007,6093,3171
Rio Blanco County,2008,6160,3253
Rio Blanco County,2009,6317,3292
Rio Blanco County,2010,6617,3315
Rio Blanco County,2011,6696,3323
Rio Blanco County,2012,6774,3330
Rio Blanco County,2013,6722,3340
Rio Blanco County,2014,6626,3351
Rio Blanco County,2015,6529,3356
Rio Blanco County,2016,6497,3414
Rio Grande County,1985,11546,4879
Rio Grande County,1986,11906,4910
Rio Grande County,1987,11758,4949
Rio Grande County,1988,11578,4957
Rio Grande County,1989,11109,4975
Rio Grande County,1990,10768,5277
Rio Grande County,1991,10835,5274
Rio Grande County,1992,10940,5303
Rio Grande County,1993,11211,5321
Rio Grande County,1994,11461,5351
Rio Grande County,1995,11698,5357
Rio Grande County,1996,11820,5470
Rio Grande County,1997,11966,5602
Rio Grande County,1998,12123,5718
Rio Grande County,1999,12289,5815
Rio Grande County,2000,12429,6026
Rio Grande County,2001,12406,6117
Rio Grande County,2002,12409,6195
Rio Grande County,2003,12619,6265
Rio Grande County,2004,12824,6332
Rio Grande County,2005,12696,6439
Rio Grande County,2006,12439,6496
Rio Grande County,2007,12167,6568
Rio Grande County,2008,12105,6614
Rio Grande County,2009,11995,6635
Rio Grande County,2010,12001,6633
Rio Grande County,2011,11905,6651
Rio Grande County,2012,11865,6663
Rio Grande County,2013,11696,6675
Rio Grande County,2014,11542,6686
Rio Grande County,2015,11413,6698
Rio Grande County,2016,11424,6712
Routt County,1985,14196,9111
Routt County,1986,13863,9165
Routt County,1987,13862,9186
Routt County,1988,13765,9292
Routt County,1989,13950,9291
Routt County,1990,14172,9252
Routt County,1991,14731,9439
Routt County,1992,15149,9569
Routt County,1993,15924,9792
Routt County,1994,16617,10079
Routt County,1995,17254,10527
Routt County,1996,17718,10970
Routt County,1997,18117,11316
Routt County,1998,18606,11616
Routt County,1999,19224,12130
Routt County,2000,20123,12063
Routt County,2001,20436,12534
Routt County,2002,20892,12939
Routt County,2003,21128,13137
Routt County,2004,21293,13443
Routt County,2005,21453,13856
Routt County,2006,21886,14429
Routt County,2007,22415,14838
Routt County,2008,22931,15517
Routt County,2009,23325,16143
Routt County,2010,23439,16321
Routt County,2011,23237,16349
Routt County,2012,23257,16385
Routt County,2013,23550,16413
Routt County,2014,24010,16469
Routt County,2015,24310,16593
Routt County,2016,24679,16689
Saguache County,1985,4400,2067
Saguache County,1986,4598,2071
Saguache County,1987,4785,2075
Saguache County,1988,4663,2079
Saguache County,1989,4639,2284
Saguache County,1990,4644,2306
Saguache County,1991,4732,2306
Saguache County,1992,4788,2306
Saguache County,1993,4826,2326
Saguache County,1994,4942,2327
Saguache County,1995,5270,2396
Saguache County,1996,5425,2444
Saguache County,1997,5492,2511
Saguache County,1998,5558,2647
Saguache County,1999,5765,2752
Saguache County,2000,5983,3118
Saguache County,2001,6083,3244
Saguache County,2002,6245,3342
Saguache County,2003,6279,3411
Saguache County,2004,6240,3493
Saguache County,2005,6284,3590
Saguache County,2006,6241,3659
Saguache County,2007,6159,3736
Saguache County,2008,6176,3791
Saguache County,2009,6126,3820
Saguache County,2010,6144,3854
Saguache County,2011,6184,3890
Saguache County,2012,6316,3914
Saguache County,2013,6221,3941
Saguache County,2014,6171,3975
Saguache County,2015,6219,4007
Saguache County,2016,6404,4036
San Juan County,1985,763,529
San Juan County,1986,754,529
San Juan County,1987,811,528
San Juan County,1988,747,531
San Juan County,1989,746,521
San Juan County,1990,736,481
San Juan County,1991,711,483
San Juan County,1992,574,484
San Juan County,1993,540,488
San Juan County,1994,563,495
San Juan County,1995,571,497
San Juan County,1996,579,503
San Juan County,1997,570,509
San Juan County,1998,555,519
San Juan County,1999,557,606
San Juan County,2000,561,633
San Juan County,2001,566,639
San Juan County,2002,599,650
San Juan County,2003,615,664
San Juan County,2004,635,685
San Juan County,2005,645,706
San Juan County,2006,672,729
San Juan County,2007,686,741
San Juan County,2008,698,746
San Juan County,2009,687,752
San Juan County,2010,709,757
San Juan County,2011,693,758
San Juan County,2012,692,759
San Juan County,2013,700,765
San Juan County,2014,719,765
San Juan County,2015,696,765
San Juan County,2016,698,771
San Miguel County,1985,3189,2103
San Miguel County,1986,3374,2265
San Miguel County,1987,3463,2350
San Miguel County,1988,3557,2395
San Miguel County,1989,3612,2440
San Miguel County,1990,3732,2635
San Miguel County,1991,4130,2771
San Miguel County,1992,4565,2949
San Miguel County,1993,4864,3123
San Miguel County,1994,5305,3343
San Miguel County,1995,5489,3696
San Miguel County,1996,5804,3809
San Miguel County,1997,5953,3961
San Miguel County,1998,6453,4075
San Miguel County,1999,6533,4530
San Miguel County,2000,6615,5231
San Miguel County,2001,6900,5392
San Miguel County,2002,7042,5555
San Miguel County,2003,7010,5690
San Miguel County,2004,7027,5813
San Miguel County,2005,7045,5930
San Miguel County,2006,7059,6157
San Miguel County,2007,7276,6343
San Miguel County,2008,7304,6521
San Miguel County,2009,7267,6583
San Miguel County,2010,7356,6659
San Miguel County,2011,7477,6683
San Miguel County,2012,7570,6690
San Miguel County,2013,7629,6702
San Miguel County,2014,7751,6714
San Miguel County,2015,7843,6794
San Miguel County,2016,8000,6826
Sedgwick County,1985,2991,1519
Sedgwick County,1986,2825,1520
Sedgwick County,1987,2793,1520
Sedgwick County,1988,2794,1521
Sedgwick County,1989,2734,1524
Sedgwick County,1990,2680,1414
Sedgwick County,1991,2670,1416
Sedgwick County,1992,2629,1418
Sedgwick County,1993,2649,1419
Sedgwick County,1994,2664,1421
Sedgwick County,1995,2650,1422
Sedgwick County,1996,2686,1422
Sedgwick County,1997,2731,1424
Sedgwick County,1998,2681,1445
Sedgwick County,1999,2719,1454
Sedgwick County,2000,2744,1389
Sedgwick County,2001,2694,1396
Sedgwick County,2002,2694,1401
Sedgwick County,2003,2715,1402
Sedgwick County,2004,2606,1389
Sedgwick County,2005,2578,1394
Sedgwick County,2006,2515,1399
Sedgwick County,2007,2422,1403
Sedgwick County,2008,2420,1408
Sedgwick County,2009,2376,1411
Sedgwick County,2010,2367,1415
Sedgwick County,2011,2367,1415
Sedgwick County,2012,2370,1415
Sedgwick County,2013,2343,1416
Sedgwick County,2014,2331,1419
Sedgwick County,2015,2389,1420
Sedgwick County,2016,2421,1420
Summit County,1985,12865,14623
Summit County,1986,13274,14708
Summit County,1987,12406,14862
Summit County,1988,12498,14960
Summit County,1989,12718,15115
Summit County,1990,12940,17091
Summit County,1991,13471,17335
Summit County,1992,13840,17533
Summit County,1993,15194,17831
Summit County,1994,17107,18275
Summit County,1995,18270,19500
Summit County,1996,19396,20447
Summit County,1997,20349,21224
Summit County,1998,21281,22211
Summit County,1999,22568,23807
Summit County,2000,25709,27457
Summit County,2001,26293,28741
Summit County,2002,26514,28911
Summit County,2003,26706,29154
Summit County,2004,26707,29282
Summit County,2005,26623,29379
Summit County,2006,26839,29419
Summit County,2007,27163,29536
Summit County,2008,27464,29646
Summit County,2009,27783,29943
Summit County,2010,28073,29861
Summit County,2011,27954,30024
Summit County,2012,28213,30142
Summit County,2013,28660,30274
Summit County,2014,29213,30417
Summit County,2015,29928,30589
Summit County,2016,30367,30608
Teller County,1985,11305,6844
Teller County,1986,11800,7014
Teller County,1987,12458,7309
Teller County,1988,12477,7488
Teller County,1989,12474,7503
Teller County,1990,12511,7565
Teller County,1991,12712,7633
Teller County,1992,13670,7707
Teller County,1993,14735,7896
Teller County,1994,15790,8094
Teller County,1995,16981,8343
Teller County,1996,18135,8607
Teller County,1997,19066,9189
Teller County,1998,19672,9557
Teller County,1999,20179,9858
Teller County,2000,21068,10660
Teller County,2001,21738,11043
Teller County,2002,21989,11285
Teller County,2003,22218,11532
Teller County,2004,22218,11778
Teller County,2005,22505,12104
Teller County,2006,22791,12294
Teller County,2007,23164,12450
Teller County,2008,23102,12583
Teller County,2009,23205,12619
Teller County,2010,23441,12651
Teller County,2011,23294,12668
Teller County,2012,23349,12721
Teller County,2013,23271,12785
Teller County,2014,23402,12942
Teller County,2015,23431,13004
Teller County,2016,24154,13088
Washington County,1985,5396,2555
Washington County,1986,5194,2570
Washington County,1987,5187,2584
Washington County,1988,5142,2591
Washington County,1989,4951,2630
Washington County,1990,4804,2307
Washington County,1991,4783,2310
Washington County,1992,4886,2314
Washington County,1993,5144,2316
Washington County,1994,5221,2319
Washington County,1995,5236,2320
Washington County,1996,5221,2332
Washington County,1997,5210,2341
Washington County,1998,5155,2352
Washington County,1999,5024,2369
Washington County,2000,4936,2312
Washington County,2001,4899,2332
Washington County,2002,5259,2345
Washington County,2003,5140,2364
Washington County,2004,5060,2379
Washington County,2005,4995,2386
Washington County,2006,4981,2394
Washington County,2007,4927,2407
Washington County,2008,4802,2418
Washington County,2009,4777,2427
Washington County,2010,4815,2436
Washington County,2011,4789,2441
Washington County,2012,4716,2442
Washington County,2013,4765,2443
Washington County,2014,4772,2445
Washington County,2015,4834,2450
Washington County,2016,4875,2455
Weld County,1985,130400,50425
Weld County,1986,129749,51309
Weld County,1987,131028,51988
Weld County,1988,131880,52466
Weld County,1989,131867,52759
Weld County,1990,131946,51138
Weld County,1991,135731,51400
Weld County,1992,140122,51756
Weld County,1993,145778,52262
Weld County,1994,151368,53274
Weld County,1995,157173,54432
Weld County,1996,161809,55929
Weld County,1997,166840,57764
Weld County,1998,172394,59950
Weld County,1999,177265,65316
Weld County,2000,183076,67366
Weld County,2001,192482,71809
Weld County,2002,198975,76236
Weld County,2003,207157,80488
Weld County,2004,214069,84557
Weld County,2005,223432,88602
Weld County,2006,231283,92059
Weld County,2007,238279,94523
Weld County,2008,244116,95692
Weld County,2009,248959,96177
Weld County,2010,254230,96454
Weld County,2011,258551,97263
Weld County,2012,263924,98195
Weld County,2013,269981,99450
Weld County,2014,275845,100851
Weld County,2015,284571,103219
Weld County,2016,294397,105720
Yuma County,1985,9853,4343
Yuma County,1986,9583,4339
Yuma County,1987,9434,4336
Yuma County,1988,9564,4343
Yuma County,1989,9211,4300
Yuma County,1990,8947,4082
Yuma County,1991,9011,4083
Yuma County,1992,9001,4084
Yuma County,1993,9166,4092
Yuma County,1994,9276,4100
Yuma County,1995,9455,4108
Yuma County,1996,9521,4121
Yuma County,1997,9657,4140
Yuma County,1998,9799,4150
Yuma County,1999,9823,4250
Yuma County,2000,9815,4301
Yuma County,2001,9831,4329
Yuma County,2002,9947,4353
Yuma County,2003,10093,4372
Yuma County,2004,9885,4392
Yuma County,2005,9892,4406
Yuma County,2006,9917,4417
Yuma County,2007,9881,4435
Yuma County,2008,9895,4446
Yuma County,2009,10036,4457
Yuma County,2010,10032,4466
Yuma County,2011,10118,4471
Yuma County,2012,10082,4477
Yuma County,2013,10157,4480
Yuma County,2014,10178,4487
Yuma County,2015,10052,4499
Yuma County,2016,10082,4500